,host,algorithm,key_size,file_size,ram,energy_consumed_per_ram,duration,emissions,emissions_rate,cpu_power,gpu_power,ram_power,cpu_energy,gpu_energy,ram_energy,energy_consumed
0,macbook_air_m2,DES,64,250MB,16.0,3.927518228913347e-07,9.29557991027832,1.4938511294733077e-08,1.607055335860783e-09,0.58,0.0134,6.0,5.51854407787323e-07,2.3636067271232604e-08,5.7085386912027995e-06,6.284029166261355e-06
0,macbook_air_m2,3DES,192,5GB,16.0,4.08747161231125e-05,277.1908359527588,1.5546901959079526e-06,5.6087359113593365e-09,2.4445,0.0039,6.0,0.0002494435740573,2.346622708837191e-07,0.0004043172216415,0.0006539954579698
0,macbook_air_m2,AES,256,25MB,16.0,1.5691119972202513e-08,6.02857518196106,5.968195671407808e-10,9.899844476131071e-11,0.0925999999999999,0.0,6.0,3.819442484113904e-09,0.0,2.472384770711263e-07,2.510579195552402e-07
0,macbook_air_m2,Twofish,128,1MB,16.0,9.706080069268744e-08,6.9665069580078125,3.6917559204421894e-09,5.29929266229845e-10,0.2609000000000001,0.0,6.0,6.472311180830003e-08,0.0,1.488249699274699e-06,1.552972811082999e-06
0,macbook_air_m2,3DES,192,50MB,16.0,1.9801328378419081e-07,7.71834397315979,7.531533920176703e-09,9.757966147100064e-10,0.1988,0.0,6.0,1.0161396622657781e-07,0.0,3.066598574320475e-06,3.168212540547053e-06
0,macbook_air_m2,RC4,40,10MB,16.0,3.893021210614179e-09,6.122067213058472,1.4807300166620928e-10,2.4186765109400807e-11,0.1143999999999999,0.0057,6.0,1.080313099755181e-09,4.8717028498649596e-09,5.63363234202067e-08,6.228833936982686e-08
0,macbook_air_m2,XTEA,128,75MB,16.0,2.328101558168125e-05,161.48637914657593,8.855050287469909e-07,5.4834657475553824e-09,0.1809,0.0009,6.0,0.0001840280374574,2.5883873270617588e-08,0.0001884423279762,0.0003724962493069
0,macbook_air_m2,AES,128,5GB,16.0,6.26252154165625e-06,65.80817890167236,2.381981274966451e-07,3.6195824207892156e-09,2.4347,0.0,6.0,4.062152793529961e-05,4.518016129732132e-08,5.9533636569976806e-05,0.0001002003446665
0,macbook_air_m2,XTEA,128,1MB,16.0,2.5244917389419346e-10,5.7995829582214355,9.602030126306634e-12,1.6556414824095041e-12,1.0589,0.0,6.0,6.758953597810534e-10,0.0,3.3632914225260413e-09,4.039186782307095e-09
0,macbook_air_m2,AES,256,750MB,16.0,4.2192225837955874e-07,9.883022785186768,1.6048023344365708e-08,1.623797060188851e-09,0.1122,0.0,6.0,1.2392682778835297e-07,0.0,6.626829306284587e-06,6.75075613407294e-06
0,macbook_air_m2,RC4,40,1MB,16.0,2.3673001461558873e-09,6.078903913497925,9.004144070174657e-11,1.4812117773701556e-11,0.0514,0.0376,6.0,5.4138607449001724e-11,3.17811369366116e-08,6.041526794433594e-09,3.78768023384942e-08
0,macbook_air_m2,AES,256,1GB,16.0,6.599877872102791e-07,11.42773461341858,2.5102964363209245e-08,2.196670224887184e-09,0.8792,0.0,6.0,1.3496730296346876e-06,0.0,9.210131565729778e-06,1.0559804595364466e-05
0,macbook_air_m2,ChaCha20,256,5GB,16.0,1.0682403306975e-05,39.18369770050049,4.063105328994326e-07,1.0369376979300318e-08,3.2297999999999996,0.0409999999999999,6.0,6.332430013409587e-05,7.362378529486832e-07,0.0001068579149246,0.0001709184529116
0,macbook_air_m2,RC4,40,2GB,16.0,6.520236869139802e-07,11.84343695640564,2.4800045839871004e-08,2.0939906153219867e-09,0.6096,0.0038,6.0,9.617113644282024e-07,9.287780258390638e-09,9.461379845937091e-06,1.0432378990623684e-05
0,macbook_air_m2,XTEA,128,500MB,16.0,0.0001433268901174375,1067.5082030296326,5.451509686438129e-06,5.106761400958342e-09,0.1461,0.0068,6.0,0.0011902746563491,2.284759387042788e-07,0.0011027271095911,0.002293230241879
0,macbook_air_m2,ChaCha20,256,100MB,16.0,3.41122254240844e-08,6.0590362548828125,1.297475492372587e-09,2.1413892206487235e-10,0.2113,0.0,6.0,1.8577026539378692e-08,0.0,5.272185802459717e-07,5.457956067853504e-07
0,macbook_air_m2,ChaCha20,256,1GB,16.0,3.406456209292842e-07,8.934599161148071,1.2956625938210883e-08,1.450163091205313e-09,0.2893,0.0009,6.0,2.506536403033469e-07,1.5111162662506103e-09,5.19816517829895e-06,5.450329934868547e-06
0,macbook_air_m2,RC4,40,500MB,16.0,1.2287361943390633e-07,6.9831249713897705,4.6735593439778815e-09,6.692647436678707e-10,1.1766,0.0385,6.0,3.153656966686249e-07,4.2685527669058905e-08,1.6079266866048177e-06,1.965977910942501e-06
0,macbook_air_m2,3DES,128,250MB,16.0,1.0187189420051872e-06,15.095786094665527,3.8747482594150875e-08,2.566774750991157e-09,0.3753,0.0,6.0,9.595312913060188e-07,0.0,1.5339971780776976e-05,1.6299503072082995e-05
0,macbook_air_m2,AES,192,100MB,16.0,6.645061249534287e-08,6.358014106750488,2.527482159079017e-09,3.97526981954242e-10,0.881,0.065,6.0,1.2814048959149254e-07,6.260592506991492e-08,8.724633852640787e-07,1.063209799925486e-06
0,macbook_air_m2,Blowfish,32,750MB,16.0,8.455968067542546e-07,13.886497020721436,3.2162695911875186e-08,2.3161129739114182e-09,0.2281,0.0,6.0,4.955222852958574e-07,0.0,1.3034026622772217e-05,1.3529548908068074e-05
0,macbook_air_m2,AES,192,1MB,16.0,2.2184139187965127e-09,5.797231197357178,8.437847885305368e-11,1.4554961839631282e-11,0.3283,0.0232,6.0,8.830261164241368e-10,1.8784576574961345e-08,1.5827020009358725e-08,3.54946227007442e-08
0,macbook_air_m2,3DES,128,2GB,16.0,1.016005446846875e-05,86.34993100166321,3.864427345366884e-07,4.475310287500346e-09,0.4009,0.0,6.0,5.093528792636923e-05,0.0,0.0001116255835692,0.0001625608714955
0,macbook_air_m2,3DES,128,50MB,16.0,2.0512368433963922e-07,7.720455169677734,7.801981548466975e-09,1.010559789157178e-09,0.3247,0.0,6.0,1.685025140908029e-07,0.0,3.1134764353434245e-06,3.2819789494342275e-06
0,macbook_air_m2,AES,256,5GB,16.0,9.87666234775625e-06,69.55471086502075,3.756637740089033e-07,5.400982468864313e-09,5.3038333333333325,0.012,6.0,6.282177972398862e-05,2.043990181552039e-07,9.500041882197064e-05,0.0001580265975641
0,macbook_air_m2,3DES,128,1MB,16.0,6.187618321842618e-09,5.923008918762207,2.3534914620604457e-10,3.973472764164399e-11,1.1786,0.0,6.0,1.6281772401597762e-08,0.0,8.272012074788414e-08,9.900189314948188e-08
0,macbook_air_m2,AES,192,2GB,16.0,1.256480721468313e-06,16.589437007904053,4.7790870354437455e-08,2.880801218972497e-09,0.6993,0.0115,6.0,2.094092290520668e-06,4.375597281588448e-08,1.7965843280156453e-05,2.010369154349301e-05
0,macbook_air_m2,AES,128,1GB,16.0,6.946101354998019e-07,11.655764818191528,2.641984263296668e-08,2.2666760221287563e-09,1.0466,0.0,6.0,1.650732068128056e-06,0.0,9.463030099868774e-06,1.111376216799683e-05
0,macbook_air_m2,3DES,192,100MB,16.0,3.915803670080172e-07,9.588169813156128,1.4893954386466192e-08,1.553367814369525e-09,0.0973,0.0,6.0,9.998407235410478e-08,0.0,6.165301799774171e-06,6.265285872128275e-06
0,macbook_air_m2,RC4,40,75MB,16.0,1.9730569075793032e-08,6.1379711627960205,7.504620266824183e-10,1.2226548590374309e-10,1.58,0.0163,6.0,6.289636029137505e-08,1.4171112663216063e-08,2.386216322580974e-07,3.156891052126885e-07
0,macbook_air_m2,DES,64,50MB,16.0,7.351738613347212e-08,6.58452582359314,2.796270415829447e-09,4.246730122630968e-10,0.0896999999999999,0.0,6.0,1.7329836130142213e-08,0.0,1.1589483420054118e-06,1.176278178135554e-06
0,macbook_air_m2,AES,128,250MB,16.0,1.3443508417324888e-07,7.128503799438477,5.113305416499897e-09,7.173041581183811e-10,0.5801000000000001,0.0,6.0,1.896530264086194e-07,0.0,1.9613083203633626e-06,2.150961346771982e-06
0,macbook_air_m2,ChaCha20,256,50MB,16.0,1.760058365513881e-08,5.938835144042969,6.694469698207643e-10,1.1272361558853208e-10,0.8842000000000001,0.0,6.0,3.6201121369997666e-08,0.0,2.454082171122233e-07,2.8160933848222096e-07
0,macbook_air_m2,3DES,192,1GB,16.0,4.2278855015540295e-06,44.09641218185425,1.608097318373937e-07,3.6467758686174293e-09,0.0355,0.0068,6.0,2.285555793164174e-05,1.0325926886664498e-08,4.478028416633606e-05,6.764616802486447e-05
0,macbook_air_m2,XTEA,128,10MB,16.0,5.68729747841383e-06,26.43320083618164,2.163191936127521e-07,8.18361707132552e-09,0.7011000000000001,0.0,6.0,3.1492214919666444e-05,0.0,5.9504544734954835e-05,9.099675965462128e-05
0,macbook_air_m2,AES,128,25MB,16.0,1.5108298438704675e-08,6.086950063705444,5.74651659690024e-10,9.440715854011848e-11,0.7607,0.0,6.0,2.7227976765897544e-08,0.0,2.145047982533773e-07,2.417327750192748e-07
0,macbook_air_m2,3DES,128,10MB,16.0,4.058294915821817e-08,6.263376951217651,1.5435926940085911e-09,2.4644735675832254e-10,0.2699,0.0,6.0,2.7960288312700066e-08,0.0,6.213668982187907e-07,6.493271865314907e-07
0,macbook_air_m2,ChaCha20,256,750MB,16.0,2.3412966064446505e-07,7.934115886688232,8.905238311107862e-09,1.1223983161184938e-09,0.2172,0.001,6.0,1.3082965111732488e-07,1.4065644476148815e-09,3.613838354746501e-06,3.7460745703114408e-06
0,macbook_air_m2,Blowfish,32,25MB,16.0,3.8343138380183114e-08,6.280466079711914,1.4584003749521902e-09,2.3221212509423942e-10,1.7637,0.0427,6.0,1.3058381474018097e-07,3.89276923471027e-08,4.439787069956462e-07,6.134902140829298e-07
0,macbook_air_m2,3DES,128,500MB,16.0,4.6979154925234615e-06,24.59237599372864,1.786875567632448e-07,7.265973682608477e-09,0.739,0.0,6.0,1.88607176484002e-05,3.2252088156011364e-08,5.627367814381917e-05,7.516664788037538e-05
0,macbook_air_m2,RC4,40,250MB,16.0,7.482164747516314e-08,6.456808805465698,2.845878645883483e-09,4.4075622054573494e-10,3.224800000000001,0.02,6.0,4.118775588141548e-07,1.9150433275434708e-08,7.661183675130208e-07,1.1971463596026102e-06
0,macbook_air_m2,AES,256,100MB,16.0,5.7273565145002476e-08,6.4658119678497314,2.1784285901200504e-09,3.3691493055349516e-10,0.0428,0.0,6.0,6.492271608776516e-09,0.0,9.09884770711263e-07,9.163770423200396e-07
0,macbook_air_m2,XTEA,128,50MB,16.0,1.468555092665625e-05,110.49994492530824,5.58572247411216e-07,5.054954984717681e-09,0.0574999999999999,0.001,6.0,0.0001178652722415,2.225523182286157e-07,0.0001168809902667,0.0002349688148265
0,macbook_air_m2,ChaCha20,256,10MB,16.0,4.512918060852423e-09,5.78208589553833,1.7165108726408458e-10,2.9686706556285665e-11,0.2048,0.0131,6.0,2.0396864149305556e-09,1.0618783513704938e-08,5.9548219045003256e-08,7.220668897363876e-08
0,macbook_air_m2,3DES,128,5GB,16.0,3.655404635348125e-05,271.71260499954224,1.3903513681992845e-06,5.116992523043334e-09,2.2388000000000003,0.0039,6.0,0.0001956956703735,7.580786598700066e-07,0.0003884109926223,0.0005848647416557
0,macbook_air_m2,AES,256,1MB,16.0,1.171569847812255e-09,5.924026012420654,4.4561242963229585e-11,7.522121420432646e-12,0.083,0.0019,6.0,2.383773856692844e-10,1.5599475767877367e-09,1.694679260253906e-08,1.874511756499608e-08
0,macbook_air_m2,RC4,40,1GB,16.0,1.9690008233487604e-07,7.8835768699646,7.489192748335719e-09,9.499739612952292e-10,0.2469,0.0,6.0,1.245246363480886e-07,0.0,3.025876681009928e-06,3.1504013173580166e-06
0,macbook_air_m2,AES,128,500MB,16.0,2.745883815826641e-07,8.459769010543823,1.0444105922864208e-08,1.2345615949853015e-09,0.4037,0.0,6.0,2.769941542016135e-07,0.0,4.116419951121012e-06,4.3934141053226255e-06
0,macbook_air_m2,Twofish,128,10MB,16.0,6.824759177521875e-05,206.26019883155823,2.595831161436842e-06,1.25852257301309e-08,0.2944,0.0019,6.0,0.0004912602227176,1.553740306849833e-07,0.0006005458716551,0.0010919614684035
0,macbook_air_m2,3DES,192,75MB,16.0,3.0154477692643805e-07,8.623528957366943,1.1469405852330536e-08,1.3300130270371975e-09,0.3157,0.0,6.0,2.411816337903341e-07,0.0,4.5835347970326745e-06,4.824716430823009e-06
0,macbook_air_m2,AES,256,2GB,16.0,1.2298494092896582e-06,17.279525756835938,4.6777935125147715e-08,2.707130727047988e-09,0.2343,0.0,6.0,7.395410732825598e-07,0.0,1.893804947535197e-05,1.967759054863453e-05
0,macbook_air_m2,AES,192,5GB,16.0,2.273450804149375e-05,108.6443259716034,8.647183421273804e-07,7.959167074711235e-09,4.246875000000001,0.0038,6.0,0.0001382146090968,4.988059529595905e-07,0.0002250387136141,0.0003637521286639
0,macbook_air_m2,DES,64,10MB,16.0,1.5763997122645378e-08,6.029165744781494,5.99591485873084e-10,9.944849938684412e-11,0.1125,0.0067,6.0,4.5413747429847725e-09,5.725868403911591e-09,2.419567108154297e-07,2.5222395396232605e-07
0,macbook_air_m2,ChaCha20,256,1MB,16.0,7.74278312921524e-10,5.800419092178345,2.94500614604283e-11,5.0772299367369236e-12,0.2828,0.0,6.0,5.732229550679523e-10,0.0,1.1815230051676432e-08,1.2388453006744384e-08
0,macbook_air_m2,ChaCha20,256,75MB,16.0,2.6956253669328163e-08,5.974585056304932,1.025294540808185e-09,1.71609330379555e-10,0.7245999999999999,0.0095,6.0,4.5619032396210563e-08,8.182558549775019e-09,3.77498467763265e-07,4.313000587092506e-07
0,macbook_air_m2,AES,192,1GB,16.0,6.465123160771198e-07,11.867540121078491,2.4590418103735243e-08,2.0720737282412094e-09,0.2672,0.0287,6.0,4.380091714859009e-07,7.094426328606079e-08,9.835243622461954e-06,1.0344197057233916e-05
0,macbook_air_m2,3DES,192,750MB,16.0,3.1815244549939207e-06,33.79552102088928,1.210108680222367e-07,3.580677686473272e-09,0.1019,0.0,6.0,1.387368447689878e-05,0.0,3.7030706803003945e-05,5.090439127990273e-05
0,macbook_air_m2,AES,192,25MB,16.0,1.7786949280235503e-08,6.013095140457153,6.765354792386498e-10,1.1251035671908816e-10,1.2281,0.0251,6.0,4.477721198399862e-08,2.1360569212171768e-08,2.184534072875977e-07,2.8459118848376805e-07
0,macbook_air_m2,DES,64,75MB,16.0,1.0672384887437026e-07,6.907235860824585,4.059294773198979e-09,5.87687297059287e-10,0.0826,0.0,6.0,2.3191672881444297e-08,0.0,1.68438990910848e-06,1.7075815819899242e-06
0,macbook_air_m2,3DES,192,10MB,16.0,4.144163953968221e-08,6.273500919342041,1.576253410559175e-09,2.5125578697205184e-10,0.2341,0.0,6.0,2.4907911254300015e-08,0.0,6.381583213806153e-07,6.630662326349153e-07
0,macbook_air_m2,RC4,40,50MB,16.0,1.599185775385963e-08,6.054250001907349,6.08258278525911e-10,1.0046798172098668e-10,2.5052000000000003,0.031,6.0,6.763984439108107e-08,2.6484728786680435e-08,1.6174515088399253e-07,2.558697240617541e-07
0,macbook_air_m2,ChaCha20,256,2GB,16.0,7.5426437807704e-07,12.813001155853271,2.868882147553052e-08,2.2390399506383255e-09,0.2657,0.0,6.0,5.119587346116703e-07,0.0,1.1556271314620971e-05,1.206823004923264e-05
0,macbook_air_m2,DES,64,500MB,16.0,7.267434240182243e-07,12.645286798477173,2.76420482740139e-08,2.1859566109123547e-09,0.1688,0.0,6.0,3.1818841425577805e-07,0.0,1.1309706370035809e-05,1.1627894784291588e-05
0,macbook_air_m2,3DES,128,1GB,16.0,4.374625782983585e-06,45.32761883735657,1.6639107156330565e-07,3.6708540142014942e-09,0.1076999999999999,0.0,6.0,2.3239874455405607e-05,0.0,4.6754138072331746e-05,6.999401252773736e-05
0,macbook_air_m2,3DES,128,75MB,16.0,3.071503588250942e-07,8.737159013748169,1.1682616953147744e-08,1.337118499819542e-09,0.2219,0.0,6.0,1.752773899899589e-07,0.0,4.739128351211548e-06,4.914405741201507e-06
0,macbook_air_m2,AES,128,1MB,16.0,9.341296164525883e-10,5.979579210281372,3.55300854452878e-11,5.941903969462746e-12,0.5063,0.0,6.0,1.187732391887241e-09,0.0,1.3758341471354167e-08,1.4946073863241413e-08
0,macbook_air_m2,3DES,192,2GB,16.0,1.024615107654375e-05,83.4001727104187,3.897174619272273e-07,4.67286156924879e-09,2.344125,0.0065,6.0,5.680354512005549e-05,1.348636805348926e-07,0.0001070000084241,0.0001639384172247
0,macbook_air_m2,XTEA,128,250MB,16.0,7.26265895564625e-05,531.7583558559418,2.7623885241326067e-06,5.194819213862928e-09,4.7645,0.014,6.0,0.0005930815115754,4.773366455170843e-07,0.0005684665846824,0.0011620254329034
0,macbook_air_m2,AES,192,750MB,16.0,6.199533369197615e-07,9.683382987976074,2.3580234096954586e-08,2.43512356438182e-09,3.0667999999999997,0.0693,6.0,3.3108404745525782e-06,1.3130809336900714e-07,6.477104822794597e-06,9.919253390716185e-06
0,macbook_air_m2,Blowfish,32,100MB,16.0,1.11470173984766e-07,7.108475923538208,4.239823613900857e-09,5.964462227214672e-10,0.1087,0.0019,6.0,3.1702408691247315e-08,2.150664269924164e-09,1.7496697107950846e-06,1.783522783756256e-06
0,macbook_air_m2,3DES,192,1MB,16.0,5.947972405701875e-09,5.919534206390381,2.2623409436834604e-10,3.8218225705008506e-11,0.3339,0.0096,6.0,4.606979191303253e-09,7.983907063802084e-09,8.257667223612467e-08,9.516755849123e-08
0,macbook_air_m2,AES,128,2GB,16.0,1.3761264402543505e-06,18.37604403495789,5.234165488878751e-08,2.84836359714935e-09,0.391,0.0,6.0,1.3471898537874225e-06,0.0,2.0670833190282183e-05,2.2018023044069608e-05
0,macbook_air_m2,3DES,128,100MB,16.0,4.1148363153346714e-07,9.597277879714966,1.5650984970631698e-08,1.6307733470666711e-09,0.3505,0.0,6.0,3.633850574824546e-07,0.0,6.220353047053019e-06,6.583738104535474e-06
0,macbook_air_m2,AES,192,250MB,16.0,1.6875764107166066e-07,7.114887952804565,6.418780971308215e-09,9.02161919328335e-10,1.2591,0.0367,6.0,4.608680448532106e-07,4.342426450384988e-08,2.19582994778951e-06,2.7001222571465705e-06
0,macbook_air_m2,AES,128,10MB,16.0,7.493378559748334e-09,6.026640892028809,2.850143875245165e-10,4.7292412577874575e-11,0.2144,0.0,6.0,4.144220987955731e-09,0.0,1.1574983596801761e-07,1.1989405695597334e-07
0,macbook_air_m2,AES,256,500MB,16.0,2.8255339108324716e-07,8.556946754455566,1.0747059028240468e-08,1.2559455301792686e-09,0.1593999999999999,0.0,6.0,1.1700243034627701e-07,0.0,4.403851826985678e-06,4.5208542573319545e-06
0,macbook_air_m2,3DES,128,25MB,16.0,1.3479372064148388e-07,6.801580905914307,5.12694633328035e-09,7.537874509178036e-10,2.1686,0.0309,6.0,5.63737828930219e-07,3.3550016661485044e-08,1.5594116846720375e-06,2.156699530263742e-06
0,macbook_air_m2,DES,64,5GB,16.0,2.961157486295625e-05,154.36348915100098,1.1262910055735588e-06,7.296356228847625e-09,6.1128,0.0039,6.0,0.0001994232208906,1.5838596732748878e-07,0.0002742035909493,0.0004737851978073
0,macbook_air_m2,Blowfish,32,10MB,16.0,1.3194056759277978e-08,6.222899913787842,5.018425235326183e-10,8.064447934004289e-11,0.0475999999999999,0.0,6.0,1.6633257865905761e-09,0.0,2.094415823618571e-07,2.1110490814844765e-07
0,macbook_air_m2,3DES,192,250MB,16.0,1.0896856585331261e-06,15.124159812927246,4.144673702051685e-08,2.740432363395856e-09,0.7927000000000002,0.0,6.0,2.0346673316756887e-06,0.0,1.540030320485433e-05,1.7434970536530018e-05
0,macbook_air_m2,AES,128,100MB,16.0,5.02720482237637e-08,6.473403215408325,1.912122405114441e-09,2.9538132285087845e-10,0.1941,0.0,6.0,2.5212776005268095e-08,0.0,7.791399955749512e-07,8.043527715802192e-07
0,macbook_air_m2,ChaCha20,256,25MB,16.0,9.545254740864038e-09,5.841430902481079,3.6305852053792694e-10,6.215232647598759e-11,0.4785,0.0134,6.0,1.0487518409887953e-08,1.0963287790616352e-08,1.312732696533203e-07,1.527240758538246e-07
0,macbook_air_m2,AES,192,75MB,16.0,5.0937412423392145e-08,6.209119081497192,1.9374298640030804e-09,3.1202974827403567e-10,0.9613,0.0305,6.0,1.0875270927614637e-07,2.7694295081827377e-08,6.785515944163005e-07,8.149985987742743e-07
0,macbook_air_m2,DES,64,25MB,16.0,3.816357717745834e-08,6.2447829246521,1.451570675129913e-09,2.3244533759526654e-10,0.1126,0.0,6.0,1.1252397828631932e-08,0.0,5.993648370107015e-07,6.106172348393334e-07
0,macbook_air_m2,DES,64,100MB,16.0,1.670896239363485e-07,7.358459949493408,6.3553371083816685e-09,8.636776108048531e-10,0.7493000000000001,0.001,6.0,2.966928377946218e-07,1.2147169642978243e-09,2.3755264282226563e-06,2.673433982981576e-06
0,macbook_air_m2,Blowfish,32,2GB,16.0,2.7750912736761897e-06,29.39413809776306,1.0555197944223621e-07,3.5909193557973e-09,0.0469,0.0048,6.0,1.5333788202775848e-05,7.2937040328979505e-09,2.9060378472010293e-05,4.4401460378819035e-05
0,macbook_air_m2,AES,192,10MB,16.0,1.0753254734393624e-08,5.856393814086914,4.090054022469191e-10,6.983912203156512e-11,3.4949000000000003,0.0324,6.0,5.3683230049080344e-08,2.6490669965744025e-08,9.187817573547365e-08,1.72052075750298e-07
0,macbook_air_m2,Blowfish,32,1MB,16.0,2.2876648931867547e-09,6.153002023696899,8.701247417224568e-11,1.4141466854250456e-11,0.4027999999999999,0.0019,6.0,2.215874327553643e-09,1.629640652073754e-09,3.2757123311360685e-08,3.6602638290988075e-08
0,macbook_air_m2,3DES,192,25MB,16.0,1.0035534401734671e-07,6.786398887634277,3.817065517490265e-09,5.6245817269089e-10,0.26,0.0,6.0,6.66987419128418e-08,0.0,1.5389867623647055e-06,1.6056855042775474e-06
0,macbook_air_m2,AES,256,50MB,16.0,3.2004359150098426e-08,6.162907838821411,1.2173017482765895e-09,1.9752068019069795e-10,0.1394,0.0068,6.0,1.1494302603933546e-08,6.065905782911513e-09,4.945095380147298e-07,5.120697464015748e-07
0,macbook_air_m2,Blowfish,32,500MB,16.0,6.222308943081234e-07,11.385584831237791,2.3666862127144173e-08,2.0786689904774272e-09,0.7118,0.0,6.0,1.0558577687078051e-06,0.0,8.899836540222168e-06,9.955694308929974e-06
0,macbook_air_m2,AES,128,75MB,16.0,3.724953240487311e-08,6.267954111099243,1.4168045267295427e-09,2.2603939046405535e-10,0.2792,0.0,6.0,2.6510668807559546e-08,0.0,5.694818496704102e-07,5.959925184779697e-07
0,macbook_air_m2,DES,64,1GB,16.0,4.5164986792873185e-06,21.311254024505615,1.7178727787050389e-07,8.060871390907697e-09,4.742666666666667,0.0145,6.0,2.1386304681440195e-05,7.406330598725217e-08,5.080361088116964e-05,7.22639788685971e-05
0,macbook_air_m2,RC4,40,750MB,16.0,1.6774717981616658e-07,7.427797079086304,6.380347573935378e-09,8.58982482424012e-10,1.0276,0.0212,6.0,3.886967942979601e-07,2.5951502535078263e-08,2.269306580225627e-06,2.6839548770586652e-06
0,macbook_air_m2,Blowfish,32,75MB,16.0,8.269160758124457e-08,6.830912113189697,3.145216500176075e-09,4.60438730298261e-10,0.1530999999999999,0.0036999999999999,6.0,3.2829237216048765e-08,3.901095264487796e-09,1.2863353888193768e-06,1.3230657212999131e-06
0,macbook_air_m2,ChaCha20,256,250MB,16.0,8.467381151517233e-08,6.55930495262146,3.2206106145495092e-09,4.909987624927205e-10,0.3368,0.0009,6.0,7.197079292933149e-08,9.153485298156735e-10,1.28189484278361e-06,1.3547809842427573e-06
0,macbook_air_m2,AES,256,10MB,16.0,1.1133026937643688e-08,5.9910430908203125,4.234502272407584e-10,7.068055108626807e-11,0.1076999999999999,0.0075,6.0,3.0339392622311902e-09,6.324337422847748e-09,1.6877015431722008e-07,1.78128431002299e-07
0,macbook_air_m2,AES,192,50MB,16.0,4.350500450200505e-08,6.063392877578735,1.654734525090741e-09,2.729057078273177e-10,2.6843,0.0209999999999999,6.0,2.095640960401959e-07,1.8380698561668395e-08,4.681352774302166e-07,6.960800720320808e-07
0,macbook_air_m2,RC4,40,25MB,16.0,7.027371776600681e-09,6.104970932006836,2.6728958731296023e-10,4.378228664638315e-11,0.2917999999999999,0.0,6.0,5.224689682324726e-09,0.0,1.0721325874328617e-07,1.124379484256109e-07
0,macbook_air_m2,AES,128,750MB,16.0,4.3270080843567846e-07,9.717490911483765,1.645799086677932e-08,1.6936461290979843e-09,0.6971999999999999,0.0,6.0,7.207663153012593e-07,0.0,6.202446619669596e-06,6.923212934970855e-06
0,macbook_air_m2,Blowfish,32,5GB,16.0,8.4974489221125e-06,92.83733201026917,3.2320470409257885e-07,3.4814087942211404e-09,2.2639,0.0,6.0,4.7907022808651134e-05,0.0,8.805215994517008e-05,0.0001359591827538
0,macbook_air_m2,ChaCha20,256,500MB,16.0,1.5796251493899357e-07,7.209717988967896,6.008182969563145e-09,8.333450737957703e-10,0.3332,0.0009,6.0,1.3292737521065608e-07,1.084513008594513e-09,2.3933883508046467e-06,2.527400239023897e-06
0,macbook_air_m2,XTEA,128,100MB,16.0,2.8909545380375e-05,216.013130903244,1.099588964377287e-06,5.0903801994787604e-09,0.2112,0.0009,6.0,0.0002359948036508,1.2720592059029473e-07,0.0002264307165145,0.000462552726086
0,macbook_air_m2,3DES,128,750MB,16.0,3.3562238593018724e-06,34.468600034713745,1.2765564691906066e-07,3.703534428160618e-09,0.2298,0.0,6.0,1.5575040704594723e-05,0.0,3.812454104423523e-05,5.369958174882996e-05
0,macbook_air_m2,Blowfish,32,250MB,16.0,2.7725994244093696e-07,8.614136695861816,1.0545720071366628e-08,1.2242341216192602e-09,0.3486999999999999,0.0,6.0,2.436661171714465e-07,0.0,4.192492961883545e-06,4.436159079054991e-06
0,macbook_air_m2,Blowfish,32,50MB,16.0,6.028224867458144e-08,6.601383924484253,2.292865367416252e-09,3.4733101326103935e-10,0.5774999999999999,0.001,6.0,8.461610625187555e-08,9.864699840545655e-10,8.789134025573731e-07,9.64515978793303e-07
0,macbook_air_m2,AES,192,500MB,16.0,3.3581154331606296e-07,8.6461923122406,1.2772759387336334e-08,1.47726986933354e-09,0.841,0.0277,6.0,6.55139549308353e-07,4.419646846585804e-08,4.6736486752827964e-06,5.372984693057007e-06
0,macbook_air_m2,Blowfish,32,1GB,16.0,1.1544214921444656e-06,16.871935844421387,4.3908996710256123e-08,2.602487178421461e-09,0.153,0.0,6.0,4.592990672588349e-07,0.0,1.8011444807052615e-05,1.847074387431145e-05
0,macbook_air_m2,AES,128,50MB,16.0,2.4300103580786125e-08,6.170315980911255,9.242665486117751e-10,1.4979241767700789e-10,0.2004999999999999,0.002,6.0,1.2522002789709305e-08,1.7765188217163083e-09,3.7450313568115236e-07,3.88801657292578e-07
0,macbook_air_m2,RC4,40,100MB,16.0,2.3334426499075362e-08,6.148716926574707,8.875365396050637e-10,1.4434499916057896e-10,1.056,0.0136,6.0,5.412705739339193e-08,1.190380758709378e-08,3.0731995900472e-07,3.733508239852058e-07
0,macbook_air_m2,AES,256,250MB,16.0,1.4031913058832288e-07,7.210860967636108,5.337108053959931e-09,7.401485173426609e-10,0.1101,0.0,6.0,4.0459422568480174e-08,0.0,2.204646666844686e-06,2.245106089413166e-06
0,macbook_air_m2,DES,64,1MB,16.0,3.833123067186939e-09,5.959827899932861,1.457947459332781e-10,2.446291208088752e-11,0.0466999999999999,0.0065,6.0,4.342565006679958e-10,5.452664097150167e-09,5.544304847717285e-08,6.132996907499103e-08
0,macbook_air_m2,AES,256,75MB,16.0,4.234713894625505e-08,6.27670693397522,1.610694531705047e-09,2.5661458287729036e-10,0.051,0.0,6.0,5.712522268295289e-09,0.0,6.718417008717855e-07,6.775542231400808e-07
0,macbook_air_m2,DES,64,750MB,16.0,1.117441087079545e-06,16.129373788833618,4.2502428576009764e-08,2.63509477382403e-09,0.2866,0.0,6.0,8.151043115059535e-07,0.0,1.7063953081766766e-05,1.787905739327272e-05
0,macbook_air_m2,DES,64,2GB,16.0,5.241363091671736e-06,37.02935791015625,1.993578570007009e-07,5.3837783923879996e-09,2.3721249999999996,0.007125,6.0,2.5446374511538277e-05,2.6514727522929513e-08,5.838892022768657e-05,8.386180946674777e-05
0,macbook_air_m2,3DES,192,500MB,16.0,4.992765849320425e-06,24.433752059936523,1.89902337010073e-07,7.772131621219633e-09,1.8319,0.0,6.0,2.387909156278107e-05,1.9340143462022147e-08,5.5985821882883704e-05,7.98842535891268e-05
0,macbook_air_m2,XTEA,128,25MB,16.0,7.834500075625e-06,58.50660014152527,2.979891143643681e-07,5.09325637865717e-09,1.1408,0.023,6.0,6.615926462641028e-05,4.071363187962109e-07,5.878560026486714e-05,0.00012535200121
0,raspberry_pi_3B,AES,256,100MB,0.886,0.00013108618410620767,9.76240348815918,2.7609578147713497e-07,2.8281537616429352e-08,42.5,0.0,0.3322734832763672,0.0001152415335178,0.0,9.008256003532248e-07,0.0001161423591181
0,raspberry_pi_3B,DES,64,10MB,0.886,2.2378679792324975e-05,1.6670401096343994,4.7134327143718494e-08,2.8274260991869946e-08,42.5,0.0,0.3322734832763672,1.96738890475697e-05,0.0,1.5362124843022682e-07,1.982751029599993e-05
0,raspberry_pi_3B,3DES,128,10MB,0.886,2.6217752017472986e-05,1.9531564712524412,5.5220241409784774e-08,2.827230804215873e-08,42.5,0.0,0.3322734832763672,2.3048901723490825e-05,0.0,1.80026563990244e-07,2.3228928287481065e-05
0,raspberry_pi_3B,AES,256,1MB,0.886,5.7558079561053086e-05,4.287219524383545,1.2122973191319777e-07,2.8277005929765e-08,42.5,0.0,0.3322734832763672,5.060111631949743e-05,0.0,3.953421715956059e-07,5.099645849109304e-05
0,raspberry_pi_3B,AES,128,75MB,0.886,0.00019951529274311514,14.85809850692749,4.202222457089257e-07,2.8282370419943027e-08,42.5,0.0,0.3322734832763672,0.0001753993988037,0.0,1.3711505667455033e-06,0.0001767705493704
0,raspberry_pi_3B,3DES,192,75MB,0.886,0.0004291300308248307,31.95877814292908,9.038404163158256e-07,2.8281444687077362e-08,42.5,0.0,0.3322734832763672,0.0003772603947255,0.0,2.948812585302676e-06,0.0003802092073108
0,raspberry_pi_3B,AES,256,50MB,0.886,0.00010739406330701509,7.998261451721191,2.261950642388706e-07,2.8280528912967013e-08,42.5,0.0,0.3322734832763672,9.441325515508652e-05,0.0,7.378849349288429e-07,9.515114009001536e-05
0,raspberry_pi_3B,AES,192,10MB,0.886,1.9394146349518077e-05,1.4451520442962646,4.084825589331013e-08,2.8265715053672228e-08,42.5,0.0,0.3322734832763672,1.7050172057416706e-05,0.0,1.3304160825631094e-07,1.7183213665673016e-05
0,raspberry_pi_3B,Blowfish,32,1MB,0.886,1.863642357195723e-06,0.1396205425262451,3.925232826874806e-09,2.81135766689702e-08,42.5,0.0,0.3322734832763672,1.6385452614890203e-06,0.0,1.2641866986389993e-08,1.6511871284754104e-06
0,raspberry_pi_3B,XTEA,128,50MB,0.886,0.018921943632442328,1410.1324701309204,3.98536951081636e-05,2.8262376728665413e-08,42.5,0.0,0.3322734832763672,0.0166351319506764,0.0,0.0001297101076675,0.0167648420583439
0,raspberry_pi_3B,DES,64,100MB,0.886,0.0004101640359581264,30.54673266410828,8.638939398057163e-07,2.8281058707819584e-08,42.5,0.0,0.3322734832763672,0.0003605867092808,0.0,2.818626578165322e-06,0.0003634053358589
0,raspberry_pi_3B,AES,192,75MB,0.886,6.382699270114065e-05,4.753767251968384,1.3443341530839881e-07,2.8279343136274543e-08,42.5,0.0,0.3322734832763672,5.61121885975202e-05,0.0,4.385269356904094e-07,5.655071553321061e-05
0,raspberry_pi_3B,3DES,192,10MB,0.886,3.4622414248399616e-05,2.578988075256348,7.292227311144102e-08,2.8275537142292773e-08,42.5,0.0,0.3322734832763672,3.043765591250526e-05,0.0,2.3780311157679538e-07,3.067545902408206e-05
0,raspberry_pi_3B,AES,128,1MB,0.886,5.94657580493189e-07,0.0451917648315429,1.2524771433152583e-09,2.7714720767909777e-08,42.5,0.0,0.3322734832763672,5.229532718658447e-07,0.0,3.913344451120792e-09,5.268666163169655e-07
0,raspberry_pi_3B,DES,64,75MB,0.886,0.00023873093982686232,17.77913188934326,5.028188580181783e-07,2.8281406603410476e-08,42.5,0.0,0.3322734832763672,0.000209875117739,0.0,1.6404949476452657e-06,0.0002115156126866
0,raspberry_pi_3B,RC4,40,50MB,0.886,7.869396949560175e-05,5.860932350158691,1.657464755233508e-07,2.8279882042805533e-08,42.5,0.0,0.3322734832763672,6.918215023146737e-05,0.0,5.407067416357828e-07,6.972285697310315e-05
0,raspberry_pi_3B,AES,128,10MB,0.886,1.930098029884989e-05,1.437880039215088,4.0652028092937886e-08,2.8272197251676904e-08,42.5,0.0,0.3322734832763672,1.6968175272146864e-05,0.0,1.3249327263414064e-07,1.7100668544781003e-05
0,raspberry_pi_3B,DES,64,1MB,0.886,2.3133132067647655e-06,0.1728324890136718,4.872336638505827e-09,2.8191092232204107e-08,42.5,0.0,0.3322734832763672,2.03385634554757e-06,0.0,1.5739155646012173e-08,2.049595501193582e-06
0,raspberry_pi_3B,3DES,128,75MB,0.886,0.0003234865779147855,24.09019541740417,6.813325152125332e-07,2.8282564894442433e-08,42.5,0.0,0.3322734832763672,0.0002843860316607,0.0,2.2230763717910423e-06,0.0002866091080325
0,raspberry_pi_3B,ChaCha20,256,25MB,0.886,1.009672369065022e-05,0.7524049282073975,2.1265878145236088e-08,2.8263874076292913e-08,42.5,0.0,0.3322734832763672,8.876458803812663e-06,0.0,6.923838610343107e-08,8.945697189916095e-06
0,raspberry_pi_3B,AES,256,75MB,0.886,7.643069760404151e-05,5.692363739013672,1.6097953668951625e-07,2.827991043267546e-08,42.5,0.0,0.3322734832763672,6.719245033131707e-05,0.0,5.251477458637055e-07,6.771759807718077e-05
0,raspberry_pi_3B,3DES,192,50MB,0.886,0.00017402975666952597,12.960415124893188,3.665442090296413e-07,2.8281826276198242e-08,42.5,0.0,0.3322734832763672,0.0001529943795667,0.0,1.1959848424661838e-06,0.0001541903644092
0,raspberry_pi_3B,3DES,128,100MB,0.886,0.00035982112290981944,26.796322345733643,7.578609050151889e-07,2.8282273038704925e-08,42.5,0.0,0.3322734832763672,0.0003163287023703,0.0,2.472812527867442e-06,0.0003188015148981
0,raspberry_pi_3B,Blowfish,32,25MB,0.886,5.4158516808039207e-05,4.033784151077271,1.1406951940588485e-07,2.8278538249356057e-08,42.5,0.0,0.3322734832763672,4.761237121290631e-05,0.0,3.720746790164261e-07,4.7984445891922736e-05
0,raspberry_pi_3B,AES,128,50MB,0.886,8.44972758610507e-05,6.293043851852417,1.7796949061104637e-07,2.8280351257787488e-08,42.5,0.0,0.3322734832763672,7.428399854236179e-05,0.0,5.805878705291433e-07,7.486458641289092e-05
0,raspberry_pi_3B,RC4,40,100MB,0.886,0.00040808777447674945,30.39174747467041,8.595208852373109e-07,2.8281390727981896e-08,42.5,0.0,0.3322734832763672,0.0003587615039613,0.0,2.8042642250932203e-06,0.0003615657681864
0,raspberry_pi_3B,RC4,40,10MB,0.886,4.153696453819707e-06,0.3098843097686767,8.748580761997724e-09,2.8231764197833665e-08,42.5,0.0,0.3322734832763672,3.651778565512764e-06,0.0,2.8396492571497824e-08,3.6801750580842606e-06
0,raspberry_pi_3B,3DES,128,50MB,0.886,0.00019064510136613993,14.197916507720947,4.015397092023468e-07,2.8281593921473343e-08,42.5,0.0,0.3322734832763672,0.0001676013446516,0.0,1.3102151588213927e-06,0.0001689115598104
0,raspberry_pi_3B,ChaCha20,256,100MB,0.886,0.0001585013026108352,11.803665399551392,3.338379350031788e-07,2.8282565093370625e-08,42.5,0.0,0.3322734832763672,0.0001393429083956,0.0,1.08924571758583e-06,0.0001404321541132
0,raspberry_pi_3B,AES,192,100MB,0.886,0.0002459753669846501,18.318812608718872,5.180771843713601e-07,2.8281155303962243e-08,42.5,0.0,0.3322734832763672,0.0002162439588043,0.0,1.6902163441564727e-06,0.0002179341751484
0,raspberry_pi_3B,RC4,40,75MB,0.886,0.00014640592606444695,10.90323805809021,3.083624627968065e-07,2.8281732559989488e-08,42.5,0.0,0.3322734832763672,0.000128709558977,0.0,1.0060915161117617e-06,0.0001297156504931
0,raspberry_pi_3B,DES,64,50MB,0.886,0.00010995023167814167,8.188472032546997,2.315789062419377e-07,2.828108898967636e-08,42.5,0.0,0.3322734832763672,9.666035324335098e-05,0.0,7.555520234825508e-07,9.741590526683352e-05
0,raspberry_pi_3B,XTEA,128,10MB,0.886,0.003787616640195034,282.26051449775696,7.977537704220454e-06,2.8263031116539153e-08,42.5,0.0,0.3322734832763672,0.0033298606642418,0.0,2.59676789710348e-05,0.0033558283432128
0,raspberry_pi_3B,AES,192,1MB,0.886,1.7983145671200172e-06,0.1345417499542236,3.787638408545424e-09,2.8152141694560437e-08,42.5,0.0,0.3322734832763672,1.5810951590538026e-06,0.0,1.2211547414532711e-08,1.5933067064683351e-06
0,raspberry_pi_3B,AES,192,50MB,0.886,2.844069429324119e-05,2.1184117794036865,5.990223737290656e-08,2.827695632893832e-08,42.5,0.0,0.3322734832763672,2.50031312306722e-05,0.0,1.9532391313949421e-07,2.5198455143811696e-05
0,raspberry_pi_3B,ChaCha20,256,1MB,0.886,4.726556307660403e-07,0.0360839366912841,9.95514719080424e-10,2.7588861148869152e-08,42.5,0.0,0.3322734832763672,4.156976938247681e-07,0.0,3.075195033943601e-09,4.187728888587117e-07
0,raspberry_pi_3B,AES,256,10MB,0.886,1.801484696130422e-05,1.3420236110687256,3.7943153840976394e-08,2.8273089629742212e-08,42.5,0.0,0.3322734832763672,1.583748542600208e-05,0.0,1.2366898171345988e-07,1.5961154407715538e-05
0,raspberry_pi_3B,ChaCha20,256,10MB,0.886,4.068388309529613e-06,0.3037805557250976,8.568903407555578e-09,2.8207544051337827e-08,42.5,0.0,0.3322734832763672,3.576787478393978e-06,0.0,2.780456384925856e-08,3.604592042243237e-06
0,raspberry_pi_3B,Blowfish,32,10MB,0.886,1.7414928528144248e-05,1.2975456714630127,3.667959620708027e-08,2.8268443272384532e-08,42.5,0.0,0.3322734832763672,1.5310096244017287e-05,0.0,1.1953043191851976e-07,1.5429626675935805e-05
0,raspberry_pi_3B,3DES,128,1MB,0.886,3.5699916164293493e-06,0.2664737701416015,7.5191724583692e-09,2.8217308046392656e-08,42.5,0.0,0.3322734832763672,3.1386428409152567e-06,0.0,2.436973124114653e-08,3.1630125721564037e-06
0,raspberry_pi_3B,RC4,40,25MB,0.886,5.6691735825217445e-05,4.222205877304077,1.1940502511893045e-07,2.8280247005665163e-08,42.5,0.0,0.3322734832763672,4.983937260177401e-05,0.0,3.895053393686491e-07,5.022887794114266e-05
0,raspberry_pi_3B,Blowfish,32,75MB,0.886,0.00015710400053893904,11.700223207473757,3.308949154154864e-07,2.8281077168179197e-08,42.5,0.0,0.3322734832763672,0.000138114493423,0.0,1.07965105450603e-06,0.0001391941444775
0,raspberry_pi_3B,Blowfish,32,100MB,0.886,0.000409065689794921,30.4643337726593,8.615805858519966e-07,2.82816158817573e-08,42.5,0.0,0.3322734832763672,0.0003596211642026,0.0,2.81103695562706e-06,0.0003624322011583
0,raspberry_pi_3B,XTEA,128,1MB,0.886,0.0003789849780563206,28.23428511619568,7.982241179568056e-07,2.82714478043905e-08,42.5,0.0,0.3322734832763672,0.0003331799255477,0.0,2.600765010284552e-06,0.0003357806905579
0,raspberry_pi_3B,XTEA,128,25MB,0.886,0.009721046042140068,724.4461596012115,2.047461997675678e-05,2.8262445325167456e-08,42.5,0.0,0.3322734832763672,0.0085462117297781,0.0,6.663506355792379e-05,0.0086128467933361
0,raspberry_pi_3B,ChaCha20,256,75MB,0.886,0.000123302470584763,9.182581186294556,2.59701601707914e-07,2.828198264073408e-08,42.5,0.0,0.3322734832763672,0.0001083986608518,0.0,8.473280863328607e-07,0.0001092459889381
0,raspberry_pi_3B,Twofish,128,1MB,0.886,0.0008317950330916478,62.89376950263977,1.7519397734853049e-06,2.7855537795548613e-08,42.5,0.0,0.3322734832763672,0.0007320634484291,0.0,4.9069508901694304e-06,0.0007369703993192
0,raspberry_pi_3B,AES,256,25MB,0.886,2.6167649504187635e-05,1.9493815898895264,5.511471470875372e-08,2.8272922548672033e-08,42.5,0.0,0.3322734832763672,2.3004835347334547e-05,0.0,1.7970211337569709e-07,2.3184537460710245e-05
0,raspberry_pi_3B,DES,64,25MB,0.886,8.38174389980827e-05,6.242607831954956,1.765376075240698e-07,2.827946465264096e-08,42.5,0.0,0.3322734832763672,7.368634690841039e-05,0.0,5.759040438908868e-07,7.426225095230127e-05
0,raspberry_pi_3B,3DES,192,1MB,0.886,4.454710576126077e-06,0.3322455883026123,9.382581437968506e-09,2.8239897739207195e-08,42.5,0.0,0.3322734832763672,3.916404810216692e-06,0.0,3.0468760231012006e-08,3.946873570447704e-06
0,raspberry_pi_3B,3DES,128,25MB,0.886,8.630528519893587e-05,6.427409648895264,1.817775482981671e-07,2.8281618603446384e-08,42.5,0.0,0.3322734832763672,7.587340540356107e-05,0.0,5.930772826961098e-07,7.646648268625718e-05
0,raspberry_pi_3B,AES,192,25MB,0.886,2.185630175582044e-05,1.6280508041381836,4.603408631209703e-08,2.8275583412438653e-08,42.5,0.0,0.3322734832763672,1.9214575323793627e-05,0.0,1.5010803186328305e-07,1.936468335565691e-05
0,raspberry_pi_3B,RC4,40,1MB,0.886,4.87177942841921e-07,0.0371642112731933,1.0261018410473994e-09,2.7609945318213423e-08,42.5,0.0,0.3322734832763672,4.284509354167515e-07,0.0,3.188721941190427e-09,4.31639657357942e-07
0,raspberry_pi_3B,AES,128,100MB,0.886,0.0003563699862937923,26.53900671005249,7.505920668267604e-07,2.8282598328838354e-08,42.5,0.0,0.3322734832763672,0.0003132947199874,0.0,2.449087868880421e-06,0.0003157438078563
0,raspberry_pi_3B,3DES,192,100MB,0.886,0.00050888662316614,37.8975305557251,1.0718250047800402e-06,2.8282185911929343e-08,42.5,0.0,0.3322734832763672,0.0004473763912916,0.0,3.497156833669427e-06,0.0004508735481252
0,raspberry_pi_3B,3DES,192,25MB,0.886,0.0001027650097042661,7.653465747833252,2.164452787777725e-07,2.8280688241016773e-08,42.5,0.0,0.3322734832763672,9.034363130728404e-05,0.0,7.061672906957028e-07,9.104979859797977e-05
0,raspberry_pi_3B,ChaCha20,256,50MB,0.886,2.0711426052606818e-05,1.5431361198425293,4.3622731109960715e-08,2.8268880851815088e-08,42.5,0.0,0.3322734832763672,1.820813881026374e-05,0.0,1.4218467234589604e-07,1.835032348260964e-05
0,raspberry_pi_3B,AES,128,25MB,0.886,4.202546837702543e-05,3.130303859710694,8.85147020839927e-08,2.8276712437805747e-08,42.5,0.0,0.3322734832763672,3.694587912824419e-05,0.0,2.886858538003405e-07,3.723456498204453e-05
0,raspberry_pi_3B,Blowfish,32,50MB,0.886,8.754071162009562e-05,6.51944375038147,1.8437962284578666e-07,2.8281496076256212e-08,42.5,0.0,0.3322734832763672,7.695953912205167e-05,0.0,6.015313733530547e-07,7.756107049540472e-05
0,raspberry_pi_4,ChaCha20,256,50MB,7.627,3.7465295618991153e-06,2.268582582473755,6.79285020724981e-08,2.9943147142752934e-08,42.5,0.0,2.860118865966797,2.6774176789654627e-05,0.0,1.800604178949925e-06,2.8574780968604552e-05
0,raspberry_pi_4,AES,128,750MB,7.627,8.572699390216337e-05,51.8939061164856,1.5543201212591852e-06,2.9951881397600377e-08,42.5,0.0,2.860121726989746,0.0006126161204444,0.0,4.122366204739856e-05,0.0006538397824918
0,raspberry_pi_4,DES,64,500MB,7.627,5.4605370213583324e-05,33.055028438568115,9.900525119153437e-07,2.995164604850756e-08,42.5,0.0,2.860121726989746,0.0003902173419793,0.0,2.625781663969917e-05,0.000416475158619
0,raspberry_pi_4,RC4,40,25MB,7.627,1.79269917831808e-06,1.0854160785675049,3.2503512340635955e-08,2.994567058886117e-08,42.5,0.0,2.860118865966797,1.2811395360363856e-05,0.0,8.615212726681421e-07,1.3672916633031995e-05
0,raspberry_pi_4,AES,192,25MB,7.627,2.21969043594418e-06,1.343925952911377,4.0245310730154206e-08,2.994607749256563e-08,42.5,0.0,2.860121726989746,1.586287087864346e-05,0.0,1.0667080763028024e-06,1.692957895494626e-05
0,raspberry_pi_4,XTEA,128,500MB,7.627,0.0064208134766381144,3890.028251171112,0.0001164160683504,2.992679251503577e-08,42.5,0.0,2.860118865966797,0.0458920196203722,0.0,0.0030795247659467,0.0489715443863189
0,raspberry_pi_4,Blowfish,32,1MB,7.627,1.250933504586002e-07,0.0762622356414794,2.268073366429122e-09,2.9740452103865465e-08,42.5,0.0,2.860118865966797,8.949167198605009e-07,0.0,5.91702640872427e-08,9.540869839477437e-07
0,raspberry_pi_4,Blowfish,32,25MB,7.627,2.4269843857028135e-06,1.4694271087646484,4.400376699298371e-08,2.994620606256393e-08,42.5,0.0,2.860118865966797,1.734405110279719e-05,0.0,1.1665588069581646e-06,1.8510609909755357e-05
0,raspberry_pi_4,3DES,192,1MB,7.627,2.2166166583198553e-07,0.1345446109771728,4.018957992481165e-09,2.9870821010906425e-08,42.5,0.0,2.860118865966797,1.584582527478536e-06,0.0,1.0603099782201753e-07,1.6906135253005535e-06
0,raspberry_pi_4,Blowfish,32,750MB,7.627,6.337892071524846e-05,38.36557936668396,1.1491261649025051e-06,2.9952008646072665e-08,42.5,0.0,2.860118865966797,0.0004529138960772,0.0,3.0477132218052248e-05,0.0004833910282952
0,raspberry_pi_4,AES,256,250MB,7.627,1.976701491826406e-05,11.96588373184204,3.583966686124948e-07,2.9951541954128853e-08,42.5,0.0,2.860121726989746,0.0001412580112616,0.0,9.505011520030848e-06,0.0001507630227816
0,raspberry_pi_4,3DES,192,100MB,7.627,1.8648230239111053e-05,11.288339376449583,3.381119314600946e-07,2.9952318067747334e-08,42.5,0.0,2.860118865966797,0.0001332626125878,0.0,8.967439445843866e-06,0.0001422300520337
0,raspberry_pi_4,AES,128,25MB,7.627,2.105469273314002e-06,1.2749104499816897,3.817436150787869e-08,2.994277873275489e-08,42.5,0.0,2.860121726989746,1.504659023549822e-05,0.0,1.0118239120676738e-06,1.6058414147565893e-05
0,raspberry_pi_4,AES,192,500MB,7.627,4.1473305767955945e-05,25.10506296157837,7.519544395066175e-07,2.9952302476095514e-08,42.5,0.0,2.860121726989746,0.0002963732090261,0.0,1.9943694066174087e-05,0.0003163169030922
0,raspberry_pi_4,RC4,40,1MB,7.627,5.224910049358717e-08,0.03200364112854,9.473308758214372e-10,2.9600721743396625e-08,42.5,0.0,2.860118865966797,3.7401533789104884e-07,0.0,2.4488551573540465e-08,3.985038894645893e-07
0,raspberry_pi_4,RC4,40,250MB,7.627,1.4926247507053888e-05,9.035374402999878,2.706284891035021e-07,2.9952105693998624e-08,42.5,0.0,2.860118865966797,0.0001066650756531,0.0,7.177414083264467e-06,0.0001138424897363
0,raspberry_pi_4,ChaCha20,256,1MB,7.627,9.779012504800629e-08,0.0597660541534423,1.7730373141980867e-09,2.9666293673094427e-08,42.5,0.0,2.860118865966797,6.999111837810941e-07,0.0,4.5934099960049934e-08,7.458452837411439e-07
0,raspberry_pi_4,XTEA,128,25MB,7.627,0.00032658677052601286,197.8615448474884,5.921359955126463e-06,2.992678521584699e-08,42.5,0.0,2.860118865966797,0.0023342457758055,0.0,0.0001566315229963,0.0024908772988019
0,raspberry_pi_4,3DES,128,250MB,7.627,5.377190060260915e-05,32.54987668991089,9.74940835559643e-07,2.995221287157238e-08,42.5,0.0,2.860118865966797,0.0003842606605754,0.0,2.585762532064109e-05,0.0004101182858961
0,raspberry_pi_4,ChaCha20,256,100MB,7.627,7.3731174622598915e-06,4.463779926300049,1.3368233629044545e-07,2.994823635968372e-08,42.5,0.0,2.860118865966797,5.269008659654194e-05,0.0,3.5446802881142505e-06,5.623476688465619e-05
0,raspberry_pi_4,RC4,40,500MB,7.627,3.260884874147109e-05,19.73970866203308,5.912325560817731e-07,2.9951432729042085e-08,42.5,0.0,2.860118865966797,0.000233027537167,0.0,1.568015218421124e-05,0.0002487076893512
0,raspberry_pi_4,Blowfish,32,100MB,7.627,9.225784446169357e-06,5.58515739440918,1.672731277087174e-07,2.99495817031334e-08,42.5,0.0,2.860118865966797,6.592931929561828e-05,0.0,4.435738675315407e-06,7.036505797093368e-05
0,raspberry_pi_4,3DES,128,25MB,7.627,5.751569929270958e-06,3.4818015098571777,1.042819824068214e-07,2.9950582223482067e-08,42.5,0.0,2.860118865966797,4.110198633538352e-05,0.0,2.7652375151660634e-06,4.386722385054959e-05
0,raspberry_pi_4,AES,256,500MB,7.627,4.174990422818932e-05,25.272718906402588,7.569694590783767e-07,2.995203887171024e-08,42.5,0.0,2.860121726989746,0.0002983498319983,0.0,2.0076687550137723e-05,0.0003184265195484
0,raspberry_pi_4,AES,192,250MB,7.627,1.9484847940173072e-05,11.795440196990969,3.532806859838987e-07,2.995061482097302e-08,42.5,0.0,2.860121726989746,0.0001392419689231,0.0,9.36896631659086e-06,0.0001486109352397
0,raspberry_pi_4,3DES,128,1MB,7.627,2.9723361655891507e-07,0.1803226470947265,5.389156552712139e-09,2.9886188116355256e-08,42.5,0.0,2.860118865966797,2.1247193217277528e-06,0.0,1.4228147176709174e-07,2.267000793494845e-06
0,raspberry_pi_4,DES,64,25MB,7.627,2.827491175087161e-06,1.7119367122650146,5.126537425465272e-08,2.9945834964205525e-08,42.5,0.0,2.860121726989746,2.020615041255951e-05,0.0,1.3591247798302674e-06,2.1565275192389775e-05
0,raspberry_pi_4,ChaCha20,256,75MB,7.627,5.600541227719357e-06,3.390713930130005,1.0154367398115556e-07,2.9947579204141895e-08,42.5,0.0,2.860118865966797,4.00230637855e-05,0.0,2.6922641583155382e-06,4.2715327943815536e-05
0,raspberry_pi_4,AES,128,100MB,7.627,8.334991966509302e-06,5.045747756958008,1.51122127749683e-07,2.9950392890981906e-08,42.5,0.0,2.860121726989746,5.956328163544337e-05,0.0,4.007702093123081e-06,6.357098372856645e-05
0,raspberry_pi_4,3DES,128,500MB,7.627,0.00011509505867397404,69.67013168334961,2.086793872168619e-06,2.995248927694132e-08,42.5,0.0,2.860118865966797,0.0008224822453326,0.0,5.5347767173770986e-05,0.0008778300125064
0,raspberry_pi_4,AES,256,25MB,7.627,2.2481401723566413e-06,1.3616316318511963,4.076113422678673e-08,2.9935507719786314e-08,42.5,0.0,2.860121726989746,1.6066599057780373e-05,0.0,1.0799660367837304e-06,1.7146565094564104e-05
0,raspberry_pi_4,XTEA,128,250MB,7.627,0.0032342672865268915,1959.536527633667,5.864065088665402e-05,2.9925775845305824e-08,42.5,0.0,2.860118865966797,0.0231173924853404,0.0,0.0015503641090001,0.0246677565943406
0,raspberry_pi_4,DES,64,250MB,7.627,2.790493614713518e-05,16.89201045036316,5.059456976346076e-07,2.99517750785982e-08,42.5,0.0,2.860121726989746,0.0001994126662611,0.0,1.3418281733018489e-05,0.0002128309479942
0,raspberry_pi_4,3DES,192,25MB,7.627,4.956225221681259e-06,3.000408172607422,8.98615504509953e-08,2.9949775257712214e-08,42.5,0.0,2.860118865966797,3.5418220361073815e-05,0.0,2.382909404689144e-06,3.780112976576296e-05
0,raspberry_pi_4,ChaCha20,256,10MB,7.627,8.080701520355564e-07,0.4895825386047363,1.4651157582070937e-08,2.992581725611649e-08,42.5,0.0,2.860118865966797,5.775729484028287e-06,0.0,3.874215655469016e-07,6.163151049575188e-06
0,raspberry_pi_4,ChaCha20,256,750MB,7.627,5.333847483398453e-05,32.28805732727051,9.670823727514826e-07,2.9951705144387385e-08,42.5,0.0,2.860118865966797,0.0003811635987626,0.0,2.5648948796267636e-05,0.0004068125475588
0,raspberry_pi_4,XTEA,128,1MB,7.627,1.268506619202334e-05,7.678883075714111,2.2999352624295013e-07,2.995142965131833e-08,42.5,0.0,2.860118865966797,9.06495993336042e-05,0.0,6.099400512957801e-06,9.6748999846562e-05
0,raspberry_pi_4,3DES,192,750MB,7.627,0.00014127227578649535,85.51644587516785,2.561414215476097e-06,2.9952299692331785e-08,42.5,0.0,2.860118865966797,0.0010095483269956,0.0,6.793532042800281e-05,0.0010774836474236
0,raspberry_pi_4,AES,256,100MB,7.627,8.976834224189602e-06,5.434125185012817,1.6275939963309304e-07,2.995135262654225e-08,42.5,0.0,2.860121726989746,6.41499141852061e-05,0.0,4.316400442687988e-06,6.84663146278941e-05
0,raspberry_pi_4,3DES,192,250MB,7.627,4.61395620906123e-05,27.92996096611023,8.365585503370323e-07,2.995201287076982e-08,42.5,0.0,2.860118865966797,0.0003297190628117,0.0,2.218737725339679e-05,0.0003519064400651
0,raspberry_pi_4,Blowfish,32,500MB,7.627,4.216782153178183e-05,25.525442361831665,7.645467371843674e-07,2.995234034915682e-08,42.5,0.0,2.860118865966797,0.0003013363450765,0.0,2.027762974638108e-05,0.0003216139748229
0,raspberry_pi_4,3DES,128,10MB,7.627,2.3758366820137546e-06,1.4384324550628662,4.307640559394952e-08,2.99467697925843e-08,42.5,0.0,2.860118865966797,1.697870774401559e-05,0.0,1.1417986297033169e-06,1.8120506373718905e-05
0,raspberry_pi_4,RC4,40,100MB,7.627,3.979410876341985e-06,2.40909194946289,7.215088403677111e-08,2.994941062870482e-08,42.5,0.0,2.860118865966797,2.8437989287906225e-05,0.0,1.9129774659541e-06,3.035096675386032e-05
0,raspberry_pi_4,AES,128,50MB,7.627,4.161002364709302e-06,2.519320487976074,7.544332777439761e-08,2.99459033237196e-08,42.5,0.0,2.860121726989746,2.973540011379454e-05,0.0,2.000564921843306e-06,3.173596503563785e-05
0,raspberry_pi_4,DES,64,10MB,7.627,1.1455929704163457e-06,0.6937823295593262,2.0770799530464624e-08,2.9938496046242254e-08,42.5,0.0,2.860121726989746,8.187187049123977e-06,0.0,5.502505362414921e-07,8.737437585365469e-06
0,raspberry_pi_4,3DES,192,75MB,7.627,1.453182812951357e-05,8.796603202819824,2.634772529895137e-07,2.9952158454192175e-08,42.5,0.0,2.860118865966797,0.0001038463165362,0.0,6.987936607570191e-06,0.0001108342531438
0,raspberry_pi_4,ChaCha20,256,250MB,7.627,1.699536422729776e-05,10.287893056869509,3.081437407776596e-07,2.9952074644856803e-08,42.5,0.0,2.860118865966797,0.0001214510111345,0.0,8.172631827173974e-06,0.0001296236429616
0,raspberry_pi_4,3DES,128,100MB,7.627,2.2881364244827588e-05,13.85081958770752,4.148630813789848e-07,2.9952240641930834e-08,42.5,0.0,2.860118865966797,0.0001635129216644,0.0,1.1003243430914155e-05,0.0001745161650953
0,raspberry_pi_4,AES,256,75MB,7.627,6.645040270775574e-06,4.022890329360962,1.2048153480374608e-07,2.994899809333968e-08,42.5,0.0,2.860121726989746,4.748679498831432e-05,0.0,3.194927156890988e-06,5.0681722145205306e-05
0,raspberry_pi_4,AES,128,500MB,7.627,3.860632827131244e-05,23.369636058807373,6.999731369157188e-07,2.9952248086119344e-08,42.5,0.0,2.860121726989746,0.0002758856400847,0.0,1.856482564062484e-05,0.0002944504657253
0,raspberry_pi_4,AES,256,1MB,7.627,9.075953314648416e-08,0.0552999973297119,1.645565324810833e-09,2.9757059751731565e-08,42.5,0.0,2.860121726989746,6.492162744204205e-07,0.0,4.300668488781413e-08,6.922229593082346e-07
0,raspberry_pi_4,DES,64,750MB,7.627,8.296407634752852e-05,50.22115683555603,1.5042255343262566e-06,2.995202876850661e-08,42.5,0.0,2.860121726989746,0.0005928710710671,0.0,3.9895939235572086e-05,0.0006327670103026
0,raspberry_pi_4,XTEA,128,50MB,7.627,0.0006299006902397535,381.6199328899384,1.1420758767676844e-05,2.9927049882299164e-08,42.5,0.0,2.860118865966797,0.0045021280172798,0.0,0.0003021245471788,0.0048042525644586
0,raspberry_pi_4,AES,256,10MB,7.627,8.862407262749368e-07,0.5367631912231445,1.6068471906300233e-08,2.993586775144611e-08,42.5,0.0,2.860121726989746,6.333891385131413e-06,0.0,4.2546663416752986e-07,6.759358019298943e-06
0,raspberry_pi_4,RC4,40,50MB,7.627,2.2308852538267273e-06,1.350661277770996,4.04482844948535e-08,2.994702310678924e-08,42.5,0.0,2.860118865966797,1.5942725704775916e-05,0.0,1.072236126160533e-06,1.701496183093645e-05
0,raspberry_pi_4,3DES,192,10MB,7.627,1.941964988932609e-06,1.175834894180298,3.520985770857226e-08,2.9944559293860634e-08,42.5,0.0,2.860118865966797,1.3878045976161958e-05,0.0,9.333209944270492e-07,1.4811366970589009e-05
0,raspberry_pi_4,DES,64,75MB,7.627,6.2222637641615715e-06,3.7667388916015625,1.1281615426123269e-07,2.9950617100848446e-08,42.5,0.0,2.860121726989746,4.446551236841414e-05,0.0,2.9916933608461704e-06,4.7457205729260304e-05
0,raspberry_pi_4,AES,192,50MB,7.627,2.9412304931208143e-06,1.781003475189209,5.332758713009501e-08,2.994243855949222e-08,42.5,0.0,2.860121726989746,2.1019278632269966e-05,0.0,1.4134863387624818e-06,2.243276497103245e-05
0,raspberry_pi_4,ChaCha20,256,25MB,7.627,1.9305667427490232e-06,1.1689376831054688,3.5003195575867226e-08,2.994444963299983e-08,42.5,0.0,2.860118865966797,1.379659805032942e-05,0.0,9.27834496617379e-07,1.47244325469468e-05
0,raspberry_pi_4,AES,192,750MB,7.627,6.0539999758030686e-05,36.64716386795044,1.0976535567352834e-06,2.9951937363841407e-08,42.5,0.0,2.860121726989746,0.0004326264525453,0.0,2.9112125609177985e-05,0.0004617385781545
0,raspberry_pi_4,Blowfish,32,50MB,7.627,4.6316028158307856e-06,2.803884506225586,8.397580648333916e-08,2.994980937941061e-08,42.5,0.0,2.860118865966797,3.309852083524068e-05,0.0,2.2267138411007185e-06,3.53252346763414e-05
0,raspberry_pi_4,3DES,128,75MB,7.627,1.715516573597745e-05,10.384623527526855,3.110411093781892e-07,2.9952083342617335e-08,42.5,0.0,2.860118865966797,0.0001225930356317,0.0,8.249413436690248e-06,0.0001308424490683
0,raspberry_pi_4,AES,128,1MB,7.627,8.875885093775657e-08,0.0542354583740234,1.6092908624539763e-09,2.9672301308045378e-08,42.5,0.0,2.860121726989746,6.350359982914396e-07,0.0,4.192775781082976e-08,6.769637561022693e-07
0,raspberry_pi_4,XTEA,128,100MB,7.627,0.0012866826833661203,779.5231211185455,2.3328903690640746e-05,2.9927147840292244e-08,42.5,0.0,2.860118865966797,0.0091963733118441,0.0,0.0006171555141892,0.0098135288260334
0,raspberry_pi_4,DES,64,100MB,7.627,1.1270867165650976e-05,6.822819232940674,2.0435261779508922e-07,2.995134574406892e-08,42.5,0.0,2.860121726989746,8.054327037599353e-05,0.0,5.419633496426475e-06,8.596290387242e-05
0,raspberry_pi_4,XTEA,128,75MB,7.627,0.0009453469850106858,572.7249464988708,1.7140130237749396e-05,2.99273330811393e-08,42.5,0.0,2.860118865966797,0.0067567351387606,0.0,0.0004534263159159,0.0072101614546765
0,raspberry_pi_4,RC4,40,10MB,7.627,7.191066876185751e-07,0.4356527328491211,1.3038156863090289e-08,2.992786657809346e-08,42.5,0.0,2.860118865966797,5.1394325163629325e-06,0.0,3.451941901039391e-07,5.484626706466872e-06
0,raspberry_pi_4,3DES,192,50MB,7.627,9.647626605495356e-06,5.840189933776856,1.749215675570121e-07,2.9951349106875735e-08,42.5,0.0,2.860118865966797,6.894340482023027e-05,0.0,4.639043299882815e-06,7.358244812011308e-05
0,raspberry_pi_4,AES,192,10MB,7.627,9.290288586320296e-07,0.5626599788665771,1.6844265527964272e-08,2.9936846693620156e-08,42.5,0.0,2.860121726989746,6.639679272969564e-06,0.0,4.460238318169256e-07,7.08570310478649e-06
0,raspberry_pi_4,DES,64,1MB,7.627,1.960480245190202e-07,0.1196610927581787,3.554555868257691e-09,2.970519311102264e-08,42.5,0.0,2.860121726989746,1.4020938012335036e-06,0.0,9.31644817730633e-08,1.495258283006567e-06
0,raspberry_pi_4,AES,256,50MB,7.627,3.0579686807602833e-06,1.8515429496765137,5.5444172650105634e-08,2.9944848246589356e-08,42.5,0.0,2.860121726989746,2.185299048821132e-05,0.0,1.4701366399473652e-06,2.332312712815868e-05
0,raspberry_pi_4,3DES,128,750MB,7.627,0.0001719682226078668,104.09764504432678,3.117963857704535e-06,2.9952299654587255e-08,42.5,0.0,2.860118865966797,0.0012289052701658,0.0,8.269636366441775e-05,0.0013116016338302
0,raspberry_pi_4,AES,128,75MB,7.627,6.254296427841383e-06,3.786128044128418,1.1339693997911145e-07,2.9950635228771265e-08,42.5,0.0,2.860121726989746,4.469442615906398e-05,0.0,3.007092696082244e-06,4.770151885514622e-05
0,raspberry_pi_4,RC4,40,750MB,7.627,5.033225009708929e-05,30.46794486045837,9.125763719586864e-07,2.995201600036495e-08,42.5,0.0,2.860118865966797,0.0003596806183457,0.0,2.4203453144789367e-05,0.0003838840714905
0,raspberry_pi_4,AES,256,750MB,7.627,6.263899680217648e-05,37.91775965690613,1.1357105699547176e-06,2.995194284237902e-08,42.5,0.0,2.860121726989746,0.00044762633625,0.0,3.0121292360249185e-05,0.0004777476286102
0,raspberry_pi_4,Blowfish,32,10MB,7.627,9.834704434749795e-07,0.595710039138794,1.7831348439692273e-08,2.9932932581547046e-08,42.5,0.0,2.860118865966797,7.028629216882918e-06,0.0,4.722998555007507e-07,7.500929072383669e-06
0,raspberry_pi_4,Blowfish,32,250MB,7.627,2.2649670634010753e-05,13.710519075393677,4.10662233724377e-07,2.9952347643890025e-08,42.5,0.0,2.860118865966797,0.0001618573167257,0.0,1.0891721199827771e-05,0.0001727490379256
0,raspberry_pi_4,3DES,128,50MB,7.627,1.1382082168104645e-05,6.890093326568604,2.0636906218711945e-07,2.995156268658194e-08,42.5,0.0,2.860118865966797,8.133801884121366e-05,0.0,5.473121854920465e-06,8.681114069613413e-05
0,raspberry_pi_4,AES,128,10MB,7.627,9.032866284570032e-07,0.5472166538238525,1.6377531953090613e-08,2.9928789335352525e-08,42.5,0.0,2.860121726989746,6.455690330929228e-06,0.0,4.336767843123349e-07,6.889367115241563e-06
0,raspberry_pi_4,AES,192,1MB,7.627,1.1199657346578696e-07,0.0682833194732666,2.0306150924716103e-09,2.9738084031878533e-08,42.5,0.0,2.860121726989746,8.012728558646309e-07,0.0,5.292500995892624e-08,8.541978658235571e-07
0,raspberry_pi_4,AES,192,100MB,7.627,8.491253959314843e-06,5.140317440032959,1.5395532122294188e-07,2.9950547416377984e-08,42.5,0.0,2.860121726989746,6.067994882663092e-05,0.0,4.08284512106339e-06,6.47627939476943e-05
0,raspberry_pi_4,3DES,192,500MB,7.627,9.612636545253704e-05,58.18803286552429,1.7428716114425846e-06,2.995240645908164e-08,42.5,0.0,2.860118865966797,0.0006869300304187,0.0,4.622575888773554e-05,0.0007331557893065
0,raspberry_pi_4,Blowfish,32,75MB,7.627,6.76999784114242e-06,4.098547458648682,1.2274714633500434e-07,2.994893863580511e-08,42.5,0.0,2.860118865966797,4.837975551684697e-05,0.0,3.255018017546263e-06,5.163477353439324e-05
0,raspberry_pi_4,XTEA,128,10MB,7.627,0.00012663348213479744,76.7206621170044,2.2959975656194323e-06,2.992671729185385e-08,42.5,0.0,2.860118865966797,0.0009051039056645,0.0,6.072966257759163e-05,0.0009658335682421
0,raspberry_pi_4,DES,64,50MB,7.627,5.756018480402178e-06,3.484520196914673,1.04362639294681e-07,2.9950361426255374e-08,42.5,0.0,2.860121726989746,4.113370196686851e-05,0.0,2.7674509831588995e-06,4.390115295002741e-05
0,raspberry_pi_4,AES,192,75MB,7.627,6.415399560164713e-06,3.883912324905396,1.1631790837856113e-07,2.994864421441192e-08,42.5,0.0,2.860121726989746,4.5845907926559455e-05,0.0,3.0843445188168063e-06,4.893025244537626e-05
0,raspberry_pi_4,AES,128,250MB,7.627,1.8908170942519996e-05,11.445977210998535,3.428249284668085e-07,2.9951564829028775e-08,42.5,0.0,2.860121726989746,0.0001351201921701,0.0,9.092427608538856e-06,0.0001442126197786
0,raspberry_pi_4,ChaCha20,256,500MB,7.627,3.579459861426511e-05,21.66813826560974,6.489935354791333e-07,2.9951513486009714e-08,42.5,0.0,2.860118865966797,0.0002557932808995,0.0,1.7212122731548337e-05,0.000273005403631
0,raspberry_pi_4,RC4,40,75MB,7.627,2.7464324444639496e-06,1.6627240180969238,4.9795694632442086e-08,2.9948262063018684e-08,42.5,0.0,2.860118865966797,1.962686727444331e-05,0.0,1.320172979483232e-06,2.0947040253926543e-05
